{
  "Killmail": {
    "killmail_hash": "8eef5e8fb6b88fe3407c489df33822b2e3b57a5e",
    "killmail_id": 2
  },

  "KillmailInfo": {
    "attackers": [
      {
        "character_id": 95810944,
        "corporation_id": 1000179,
        "alliance_id": 65165161,
        "damage_done": 5745,
        "faction_id": 500003,
        "final_blow": true,
        "security_status": -0.3,
        "ship_type_id": 17841,
        "weapon_type_id": 3074
      }
    ],
    "killmail_id": 56733821,
    "killmail_time": "2016-10-22T17:13:36Z",
    "solar_system_id": 30002976,
    "moon_id": 145424,
    "war_id": 785412,
    "victim": {
      "alliance_id": 621338554,
      "character_id": 92796241,
      "corporation_id": 841363671,
      "damage_taken": 5745,
      "faction_id": 7485963,
      "items": [
        {
          "flag": 20,
          "item_type_id": 5973,
          "quantity_destroyed": 9265261547,
          "quantity_dropped": 1,
          "singleton": 0,
          "items": [
            {
              "flag": 21,
              "item_type_id": 5975,
              "quantity_destroyed": 9265261548,
              "quantity_dropped": 10,
              "singleton": 1
            }
          ]
        }
      ],
      "position": {
        "x": 452186600569.4748,
        "y": 146704961490.90222,
        "z": 109514596532.54477
      },
      "ship_type_id": 17812
    }
  }
}
